{"cameraMode":{"drawMode":0,"name":"Shaded","section":"Shading Mode"},"sceneLighting":false,"audioPlay":false,"sceneViewState":{"m_AlwaysRefresh":false,"showFog":true,"showSkybox":true,"showFlares":true,"showImageEffects":true,"showParticleSystems":true,"showVisualEffectGraphs":true,"m_FxEnabled":true},"in2DMode":false,"pivot":{"x":90.02191925048828,"y":-77.05912017822266,"z":-122.04098510742188},"rotation":{"x":0.039122745394706729,"y":0.9608089923858643,"z":-0.18797269463539124,"w":0.19997261464595796},"size":116.26488494873047,"orthographic":false}